ApptID,VehicleID,MechanicID,ApptDateTime,ServiceTypeID,Status,Notes
1,1,1,2026-05-01 10:00:00,1,Scheduled,Note 0
2,2,2,2026-05-02 10:00:00,2,Scheduled,Note 1
3,3,3,2026-05-03 10:00:00,3,Scheduled,Note 2
4,4,4,2026-05-04 10:00:00,4,Scheduled,Note 3
5,5,5,2026-05-05 10:00:00,5,Scheduled,Note 4
6,6,6,2026-05-06 10:00:00,6,Scheduled,Note 5
7,7,7,2026-05-07 10:00:00,7,Scheduled,Note 6
8,8,8,2026-05-08 10:00:00,8,Scheduled,Note 7
9,9,9,2026-05-09 10:00:00,9,Scheduled,Note 8
10,10,10,2026-05-10 10:00:00,10,Scheduled,Note 9
11,11,11,2026-05-11 10:00:00,11,Scheduled,Note 10
12,12,12,2026-05-12 10:00:00,12,Scheduled,Note 11
13,13,13,2026-05-13 10:00:00,13,Scheduled,Note 12
14,14,14,2026-05-14 10:00:00,14,Scheduled,Note 13
15,15,15,2026-05-15 10:00:00,15,Scheduled,Note 14
16,16,16,2026-05-16 10:00:00,16,Scheduled,Note 15
17,17,17,2026-05-17 10:00:00,17,Scheduled,Note 16
18,18,18,2026-05-18 10:00:00,18,Scheduled,Note 17
19,19,19,2026-05-19 10:00:00,19,Scheduled,Note 18
20,20,20,2026-05-20 10:00:00,20,Scheduled,Note 19
21,21,21,2026-05-21 10:00:00,21,Scheduled,Note 20
22,22,22,2026-05-22 10:00:00,22,Scheduled,Note 21
23,23,23,2026-05-23 10:00:00,23,Scheduled,Note 22
24,24,24,2026-05-24 10:00:00,24,Scheduled,Note 23
25,25,25,2026-05-25 10:00:00,25,Scheduled,Note 24
26,26,26,2026-05-26 10:00:00,26,Scheduled,Note 25
27,27,27,2026-05-27 10:00:00,27,Scheduled,Note 26
28,28,28,2026-05-28 10:00:00,28,Scheduled,Note 27
29,29,29,2026-05-01 10:00:00,29,Scheduled,Note 28
30,30,30,2026-05-02 10:00:00,30,Scheduled,Note 29
31,31,31,2026-05-03 10:00:00,31,Scheduled,Note 30
32,32,32,2026-05-04 10:00:00,32,Scheduled,Note 31
33,33,33,2026-05-05 10:00:00,33,Scheduled,Note 32
34,34,34,2026-05-06 10:00:00,34,Scheduled,Note 33
35,35,35,2026-05-07 10:00:00,35,Scheduled,Note 34
36,36,36,2026-05-08 10:00:00,36,Scheduled,Note 35
37,37,37,2026-05-09 10:00:00,37,Scheduled,Note 36
38,38,38,2026-05-10 10:00:00,38,Scheduled,Note 37
39,39,39,2026-05-11 10:00:00,39,Scheduled,Note 38
40,40,40,2026-05-12 10:00:00,40,Scheduled,Note 39
41,41,41,2026-05-13 10:00:00,41,Scheduled,Note 40
42,42,42,2026-05-14 10:00:00,42,Scheduled,Note 41
43,43,43,2026-05-15 10:00:00,43,Scheduled,Note 42
44,44,44,2026-05-16 10:00:00,44,Scheduled,Note 43
45,45,45,2026-05-17 10:00:00,45,Scheduled,Note 44
46,46,46,2026-05-18 10:00:00,46,Scheduled,Note 45
47,47,47,2026-05-19 10:00:00,47,Scheduled,Note 46
48,48,48,2026-05-20 10:00:00,48,Scheduled,Note 47
49,49,49,2026-05-21 10:00:00,49,Scheduled,Note 48
50,50,50,2026-05-22 10:00:00,50,Scheduled,Note 49
